<?xml version="1.0" encoding="UTF-8"?>
<configuration xmlns="http://ch.qos.logback/xml/ns/logback"
               xmlns:xsi="http://www.w3.org/2001/XMLSchema-instance"
               xsi:schemaLocation="http://ch.qos.logback/xml/ns/logback http://ch.qos.logback/xml/ns/logback/logback.xsd">

    <appender name="STDOUT" class="ch.qos.logback.core.ConsoleAppender">
        <layout class="ch.qos.logback.classic.PatternLayout">
            <Pattern>
                %d{yyyy-MM-dd HH:mm:ss} %-5level %logger{36} - %msg%n
            </Pattern>
        </layout>
    </appender>

    <logger name="org.springframework" level="info" additivity="false">
        <appender-ref ref="STDOUT" />
    </logger>

    <logger name="org.springframework.jdbc" level="debug" additivity="false">
        <appender-ref ref="STDOUT" />
    </logger>

    <logger name="com.apress.todo" level="debug" additivity="false">
        <appender-ref ref="STDOUT" />
    </logger>

    <root level="error">
        <appender-ref ref="STDOUT" />
    </root>

</configuration>